{"count":1,"self":3757.1604479999996,"total":7085.567414,"children":{"InitializeSensors":{"count":1,"self":0.0017109999999999998,"total":0.0017109999999999998,"children":null},"AgentSendState":{"count":2503334,"self":87.292896,"total":175.840116,"children":{"CollectObservations":{"count":500667,"self":10.6002432,"total":10.600242999999999,"children":null},"CollectDiscreteActionMasks":{"count":500667,"self":8.2299119999999988,"total":8.2299119999999988,"children":null},"RequestDecision":{"count":500667,"self":32.6550528,"total":69.717064,"children":{"AgentInfo.ToProto":{"count":500667,"self":21.4567136,"total":37.062011,"children":{"GenerateSensorData":{"count":500667,"self":15.6052976,"total":15.605298,"children":null}}}}}}},"DecideAction":{"count":2503334,"self":3095.12192,"total":3095.121874,"children":null},"AgentAct":{"count":2503334,"self":57.3976256,"total":57.435325,"children":{"AgentInfo.ToProto":{"count":522,"self":0.021977999999999998,"total":0.037698999999999996,"children":{"GenerateSensorData":{"count":522,"self":0.015721,"total":0.015721,"children":null}}}}},"AgentInfo.ToProto":{"count":84,"self":0.004029,"total":0.006684,"children":{"GenerateSensorData":{"count":84,"self":0.002655,"total":0.002655,"children":null}}}},"gauges":{"RollerBall.CumulativeReward":{"count":606,"max":2.10000014,"min":0,"runningAverage":0.867987156,"value":0.9000001,"weightedAverage":0.7638342}},"metadata":{"timer_format_version":"0.1.0","start_time_seconds":"1597932500","unity_version":"2019.4.6f1","command_line_arguments":"\/home\/rsta\/Unity\/Hub\/Editor\/2019.4.6f1\/Editor\/Unity -projectpath \/home\/rsta\/unity_git\/RollABall-Unity -useHub -hubIPC -cloudEnvironment production -skipUpgradeDialogs -hubSessionId 1add8520-db3b-11ea-a5f1-c95e06302749 -accessToken 3JRQa0sD2g3ybOo1sE9K8k28yL0YHbGVhg31FE0Kt9g006f","communication_protocol_version":"1.0.0","com.unity.ml-agents_version":"1.2.0-preview","scene_name":"MiniGame","end_time_seconds":"1597939586"}}