{"cameraMode":{"drawMode":0,"name":"Shaded","section":"Shading Mode"},"sceneLighting":true,"audioPlay":false,"sceneViewState":{"showFog":true,"showMaterialUpdate":false,"showSkybox":false,"showFlares":true,"showImageEffects":true,"showParticleSystems":true},"in2DMode":false,"pivot":{"x":-0.6083476543426514,"y":1.5129725933074952,"z":0.3899393677711487},"rotation":{"x":-0.19158455729484559,"y":-0.2611282169818878,"z":0.05296161770820618,"w":-0.9446176290512085},"size":10.627674102783204,"orthographic":true}